INSERT INTO Uczestnicy (ID, Imie, Nazwisko, Data_Urodzenia, Telefon)
VALUES
	('200000000000001', 'Jan', 'Kowalski', '1968-01-26', '+48234585731'),
	('200000000000002', 'Agata', 'Kowalska', '1966-02-12', '+48231234731'),
	('200000000000003', 'Szymon', 'Tr¹ba', '1991-12-12', '+48114585321'),
	('200000000000004', 'Tomasz', 'Sarna', '1981-03-06', '+48987612345'),
	('200000000000005', 'Cezary', 'Piechowiak', '1955-09-11', '+48936594659'),
	('200000000000006', 'Marian', 'Cyœ', '1989-04-07', '+48111222333'),
	('200000000000007', 'Pawe³', 'Walczak', '1987-08-11', '+48324999777'),
	('200000000000008', 'Olivier', 'Wilk', '1986-02-18', '+48435988765'),
	('200000000000009', 'Tymon', 'Twórca', '1965-11-06', '+48433211678'),
	('200000000000010', 'Kamil', 'Nowacki', '1969-11-06', '+48324999876'),
	('200000000000011', 'Aleksandra', 'Zieliñska', '1999-07-16', '+48654398761'),
	('200000000000012', 'Piotr', 'Ko³odziejczyk', '2000-01-01', '+48876589332'),
	('200000000000013', 'Tamara', 'Skarb', '1989-12-13', '+48131313131'),
	('200000000000014', 'Monika', 'Sikorska', '1977-06-23', '+48123999777'),
	('200000000000015', 'Marek', '¯o³nierski', '1946-12-23', '+48123000009'),
	('200000000000016', 'Tomasz', 'Wo³kiewicz', '1981-03-06', '+48987612345'),
	('200000000000017', 'Jan', 'Olszewski', '1998-04-12', '+48123412345'),
	('200000000000018', 'Janina', 'Olszewska', '1999-08-02', '+48123777745'),
	('200000000000019', 'Ewa', 'Kowalczyk', '1987-08-04', '+48198767745'),
	('200000000000020', 'Agata', 'Zalewska', '1965-08-02', '+48875444808');

INSERT INTO Piloci (PESEL, Imie, Nazwisko, Pensja)
VALUES
	('56948375831', 'Olaf', 'Kliñski', 4502.49),
	('86757774920', 'Albert', 'Kamiñski', 4322.23),
	('95476690321', 'Arnold', 'Usowski', 5332.00),
	('56948383382', 'Jan', 'Nowak', 3998.11),
	('09939382288', 'Olga', 'Trzcieliñska', 5805.44),
	('12939382111', 'Kamil', 'Zarzycki', 5222.23),
	('58457473772', 'Tomasz', 'Kuna', 3876.22),
	('75457773722', 'Piotr', 'Kaczorek', 4566.00),
	('48684888822', 'Janina', 'Kasprzak', 3798.11),
	('49585737229', 'Alfons', '¯ytowicz', 6118.71),
	('68567463723', 'Cezary', 'Kmiecik', 5492.12),
	('95673463623', 'Agata', 'Pawlak', 4567.11),
	('76858832888', 'Wanda', 'Pliszek', 5473.42),
	('54737722999', '£ucja', 'Sikorska', 3452.99),
	('43737372722', 'Edward', 'Joñski', 3198.61);

INSERT INTO Wycieczki (ID, Data_poczatku, Data_konca, Liczba_miejsc, Cena, PESEL_Pilota)
VALUES
	('300000000000001', '2022-09-01', '2022-09-03', 50, 900.00, '56948375831'),
	('300000000000002', '2022-10-23', '2022-10-24', 50, 1000.00, '56948375831'),
	('300000000000003', '2022-10-27', '2022-10-27', 30, 500.00, '86757774920'),
	('300000000000004', '2022-11-03', '2022-11-07', 80, 700.00, '95476690321'),
	('300000000000005', '2022-11-10', '2022-11-11', 40, 750.00, '56948383382'),
	('300000000000006', '2022-11-15', '2022-11-20', 40, 800.00, '09939382288'),
	('300000000000007', '2022-11-30', '2022-12-08', 34, 1000.00, '12939382111'),
	('300000000000008', '2022-12-01', '2022-12-01', 20, 200.00, '58457473772'),
	('300000000000009', '2022-12-22', '2022-12-31', 70, 900.00, '75457773722'),
	('300000000000010', '2023-01-01', '2023-01-10', 30, 2000.00, '48684888822'),
	('300000000000011', '2023-02-15', '2023-02-20', 90, 800.00, '49585737229'),
	('300000000000012', '2023-02-15', '2023-02-17', 40, 600.00, '68567463723'),
	('300000000000013', '2023-03-09', '2023-03-10', 50, 1200.00, '95673463623'),
	('300000000000014', '2023-04-01', '2023-04-02', 40, 800.00, '76858832888'),
	('300000000000015', '2023-05-15', '2023-05-17', 70, 500.00, '54737722999'),
	('300000000000016', '2023-06-10', '2023-06-10', 10, 200.00, '43737372722'),
	('300000000000017', '2023-06-01', '2023-06-04', 40, 300.00, '43737372722'),
	('300000000000018', '2023-07-15', '2023-07-15', 80, 230.00, '12939382111'),
	('300000000000019', '2023-08-12', '2023-08-13', 80, 546.00, '86757774920'),
	('300000000000020', '2023-09-01', '2023-09-03', 20, 450.00, '86757774920');

INSERT INTO Rezerwacje_wycieczki (Data_wplaty, ID, ID_Uczestnika, ID_Wycieczki)
VALUES
	( '2022-07-01', '400000000000001', '200000000000001', '300000000000001'),
	( '2022-07-01', '400000000000002', '200000000000002', '300000000000001'),
	( '2022-07-08', '400000000000003', '200000000000003', '300000000000002'),
	( '2022-07-08', '400000000000004', '200000000000003', '300000000000003'),
	( '2022-10-08', '400000000000005', '200000000000004', '300000000000004'),
	( '2022-10-25', '400000000000006', '200000000000005', '300000000000005'),
	( '2022-10-01', '400000000000007', '200000000000006', '300000000000006'),
	( '2022-10-23', '400000000000008', '200000000000007', '300000000000007'),
	( '2022-11-01', '400000000000009', '200000000000008', '300000000000008'),
	( '2022-11-03', '400000000000010', '200000000000009', '300000000000009'),
	( '2022-11-06', '400000000000011', '200000000000010', '300000000000010'),
	( '2022-11-09', '400000000000012', '200000000000011', '300000000000011'),
	( '2022-11-09', '400000000000013', '200000000000012', '300000000000012'),
	( '2023-01-01', '400000000000014', '200000000000013', '300000000000013'),
	( '2023-01-03', '400000000000015', '200000000000014', '300000000000014'),
	( '2023-01-11', '400000000000016', '200000000000015', '300000000000015'),
	( '2023-01-25', '400000000000017', '200000000000016', '300000000000016'),
	( '2023-02-12', '400000000000018', '200000000000017', '300000000000017'),
	( '2023-02-13', '400000000000019', '200000000000018', '300000000000018'),
	( '2023-02-14', '400000000000020', '200000000000019', '300000000000019'),
	( '2023-02-16', '400000000000021', '200000000000020', '300000000000019'),
	( '2023-02-18', '400000000000022', '200000000000003', '300000000000019'),
	( '2023-03-08', '400000000000023', '200000000000001', '300000000000019');

INSERT INTO Hotele (NIP, Miejscowosc, Nazwa, Cena_za_noc)
VALUES
	( '1234567890', 'Gdañsk', 'Hotel Orze³', 60.00),
	( '2335644323', 'Gdañsk', 'Hotel Neptun', 70.00),
	( '4387328621', 'Gdañsk', 'Hotel Saga', 120.00),
	( '5748754875', 'Gdynia', 'Hotel Skarlet', 210.00),
	( '9784737333', 'Gdynia', 'Hotel Pod Chmurk¹', 88.00),
	( '5847637366', 'Sopot', 'Hotel Przybrze¿ny', 100.00),
	( '5474397497', 'Sopot', 'Pensjonat u Anny', 40.00),
	( '4739875355', 'Tczew', 'Hotel Karmazyn', 120.00),
	( '8675437373', 'Grudzi¹dz', 'Hotel przy Twierdzy', 123.00),
	( '9857373722', 'Toruñ', 'Hotel Piernikowy', 220.00),
	( '5647327272', 'Œwiecie', 'Hotel Okrêcie', 90.00),
	( '5894837438', 'Bydgoszcz', 'Hotel City', 122.00),
	( '5676858233', 'Bydgoszcz', 'Hotel Pana Kota', 130.00),
	( '6578838272', 'Gniezno', 'Hotel u Mieszka', 160.00),
	( '8835297999', 'Kruszwica', 'Hotel Mysi', 180.00),
	( '9473626222', 'Poznañ', 'Hotel Czerwony', 40.00),
	( '4797377727', 'Olsztyn', 'Hotel Jeziorny', 170.00),
	( '2212123567', 'Miko³ajki', 'Hotel Mazurski', 120.00),
	( '0993883888', 'Suwa³ki', 'Hotel MroŸny', 100.00),
	( '9574736373', 'Elbl¹g', 'Hotel Nad Kana³em', 150.00);

INSERT INTO Rezerwacje_hotelu (ID, Data_rezerwacji, Data_konca_rezerwacji, NIP_Hotelu, ID_Wycieczki)
VALUES
	('500000000000001', '2022-09-01', '2022-09-03', '1234567890', '300000000000001'),
	('500000000000002', '2022-10-23', '2022-10-24', '4387328621', '300000000000002'),
	('500000000000003', '2022-11-03', '2022-11-07', '5748754875', '300000000000004'),
	('500000000000004', '2022-11-10', '2022-11-11', '9784737333', '300000000000005'),
	('500000000000005', '2022-11-15', '2022-11-17', '9784737333', '300000000000006'),
	('500000000000006', '2022-11-17', '2022-11-20', '5847637366', '300000000000006'),
	('500000000000007', '2022-11-30', '2022-12-04', '5474397497', '300000000000007'),
	('500000000000008', '2022-12-04', '2022-12-08', '4739875355', '300000000000007'),
	('500000000000009', '2022-12-22', '2022-12-31', '8675437373', '300000000000009'),
	('500000000000010', '2023-01-01', '2023-01-10', '9857373722', '300000000000010'),
	('500000000000011', '2023-02-15', '2023-02-20', '5647327272', '300000000000011'),
	('500000000000012', '2023-02-15', '2023-02-17', '5894837438', '300000000000012'),
	('500000000000013', '2023-03-09', '2023-03-10', '5676858233', '300000000000013'),
	('500000000000014', '2023-04-01', '2023-04-02', '6578838272', '300000000000014'),
	('500000000000015', '2023-05-15', '2023-05-17', '8835297999', '300000000000015'),
	('500000000000016', '2023-06-01', '2023-06-02', '9473626222', '300000000000017'),
	('500000000000017', '2023-06-02', '2023-06-04', '4797377727', '300000000000017'),
	('500000000000018', '2023-08-12', '2023-08-13', '2212123567', '300000000000019'),
	('500000000000019', '2023-09-01', '2023-09-02', '0993883888', '300000000000020'),
	('500000000000020', '2023-09-02', '2023-09-03', '9574736373', '300000000000020');

INSERT INTO Atrakcje (ID, Cena_biletu, Godzina_otwarcia, Miejscowosc, Ulica, Numer_budynku, Godzina_zamkniecia)
VALUES
	('700000000000001', 5.00, '07:30:00', 'Gdañsk', 'Sezamkowa', 6, '18:30:00'),
	('700000000000002', 6.00, '07:30:00', 'Gdañsk', 'Kierwiñska', 8, '18:00:00'),
	('700000000000003', 10.00, '06:30:00', 'Gdañsk', 'Sztucka', 10, '17:00:00'),
	('700000000000004', 6.00, '07:00:00', 'Gdañsk', 'Portowa', 10, '18:00:00'),
	('700000000000005', 12.50, '06:00:00', 'Gdañsk', 'Czerkaska', 28, '15:00:00'),
	('700000000000006', 16.00, '07:30:00', 'Gdynia', 'S³odowa', 30, '14:00:00'),
	('700000000000007', 14.00, '06:30:00', 'Gdynia', 'Kaliska', 18, '16:00:00'),
	('700000000000008', 9.00, '07:00:00', 'Gdynia', 'D³uga', 1, '17:00:00'),
	('700000000000009', 0.00, '06:30:00', 'Sopot', 'Czyracka', 50, '15:00:00'),
	('700000000000010', 5.00, '08:30:00', 'Sopot', 'Kwietna', 40, '16:00:00'),
	('700000000000011', 7.00, '05:30:00', 'Tczew', 'Osowa', 4, '16:00:00'),
	('700000000000012', 10.00, '08:30:00', 'Elbl¹g', 'Sielska', 50, '15:00:00'),
	('700000000000013', 15.00, '06:30:00', 'Miko³ajki', 'Morska', 8, '14:00:00'),
	('700000000000014', 30.00, '09:30:00', 'Olsztyn', 'Z³ota', 9, '18:00:00'),
	('700000000000015', 15.00, '06:30:00', 'Grudzi¹dz', 'Zielona', 8, '17:00:00'),
	('700000000000016', 20.00, '06:30:00', 'Grudzi¹dz', 'Letnia', 10, '15:00:00'),
	('700000000000017', 34.00, '07:00:00', 'Toruñ', 'Weso³a', 67, '16:30:00'),
	('700000000000018', 25.00, '07:30:00', 'Bydgoszcz', 'Jagielloñska', 32, '17:30:00'),
	('700000000000019', 2.00, '07:00:00', 'Bydgoszcz', 'Toruñska', 105, '19:00:00'),
	('700000000000020', 5.00, '08:30:00', 'Bydgoszcz', 'Leœna', 2, '18:30:00');

INSERT INTO Zwiedzanie_atrakcji (ID, ID_Wycieczki, ID_Atrakcji)
VALUES
	('800000000000001','300000000000001','700000000000001'),
	('800000000000002','300000000000001','700000000000002'),
	('800000000000003','300000000000001','700000000000003'),
	('800000000000004','300000000000002','700000000000001'),
	('800000000000005','300000000000003','700000000000004'),
	('800000000000006','300000000000004','700000000000005'),
	('800000000000007','300000000000005','700000000000006'),
	('800000000000008','300000000000006','700000000000007'),
	('800000000000009','300000000000007','700000000000008'),
	('800000000000010','300000000000008','700000000000009'),
	('800000000000011','300000000000009','700000000000010'),
	('800000000000012','300000000000010','700000000000011'),
	('800000000000013','300000000000011','700000000000012'),
	('800000000000014','300000000000012','700000000000013'),
	('800000000000015','300000000000013','700000000000014'),
	('800000000000016','300000000000014','700000000000015'),
	('800000000000017','300000000000015','700000000000016'),
	('800000000000018','300000000000016','700000000000017'),
	('800000000000019','300000000000017','700000000000018'),
	('800000000000020','300000000000018','700000000000019'),
	('800000000000021','300000000000019','700000000000020'),
	('800000000000022','300000000000020','700000000000011');

INSERT INTO Firmy_przewozowe(NIP, Nazwa)
VALUES
	('7593827192','B³yskawica'),
	('9874322456','Szybcior'),
	('3577433456','Transporty Niezawodne'),
	('8454357889','MarPort'),
	('6953345678','MirBudex'),
	('1794468794','Busowi Zawodowcy'),
	('7785433453','Annex'),
	('3345677898','Robert Kiliñski Transport'),
	('5656732442','Getaway Car'),
	('3567233444','Przewozy Krajowe');

INSERT INTO Autokary(Numer_rejestracyjny, Ilosc_miejsc, NIP_firmy_przewozowej)
VALUES
	('GDAHF34',70,'7593827192'),
	('GDAHD854',60,'7593827192'),
	('GDABC98',70,'9874322456'),
	('GDUD000',80,'9874322456'),
	('GDAXVX99',80,'3577433456'),
	('GD0000S',60,'3577433456'),
	('GD56442',50,'8454357889'),
	('GDAFF34',70,'8454357889'),
	('GDACCCFF',70,'6953345678'),
	('GD3RET2',50,'6953345678'),
	('GDAKLK9',60,'1794468794'),
	('GD32542',50,'1794468794'),
	('CB1232X',60,'7785433453'),
	('CBHH56',60,'7785433453'),
	('CBYS343',40,'3345677898'),
	('CBYK9K9',80,'3345677898'),
	('CBY1313',70,'5656732442'),
	('CBY1989',80,'5656732442'),
	('CB2211',60,'3567233444'),
	('CBYRER5',60,'3567233444');

INSERT INTO Czartery_autokaru(ID, Data_poczatku, Data_konca, Koszt_za_dzien, ID_Wycieczki, Numer_rejestracyjny_autokaru)
VALUES
	('600000000000001', '2022-09-01', '2022-09-03', 630.00, '300000000000001', 'GDAHF34'),
	('600000000000002', '2022-10-23', '2022-10-24', 600.00, '300000000000002', 'GDAHD854'),
	('600000000000003', '2022-10-27', '2022-10-27', 590.00, '300000000000003', 'GDABC98'),
	('600000000000004', '2022-11-03', '2022-11-07', 640.00, '300000000000004', 'GDUD000'),
	('600000000000005', '2022-11-10', '2022-11-11', 540.00, '300000000000005', 'GDAXVX99'),
	('600000000000006', '2022-11-15', '2022-11-20', 510.00, '300000000000006', 'GD0000S'),
	('600000000000007', '2022-11-15', '2022-11-20', 550.00, '300000000000006', 'GDAHF34'),
	('600000000000008', '2022-11-30', '2022-12-04', 650.00, '300000000000007', 'GD3RET2'),
	('600000000000009', '2022-12-04', '2022-12-08', 480.00, '300000000000007', 'GD56442'),
	('600000000000010', '2022-12-01', '2022-12-01', 580.00, '300000000000008', 'GDAFF34'),
	('600000000000011', '2022-12-22', '2022-12-31', 590.00, '300000000000009', 'GDAKLK9'),
	('600000000000012', '2023-01-01', '2023-01-10', 490.00, '300000000000010', 'GD32542'),
	('600000000000013', '2023-02-15', '2023-02-20', 570.00, '300000000000011', 'CB1232X'),
	('600000000000014', '2023-02-15', '2023-02-17', 580.00, '300000000000012', 'CBHH56'),
	('600000000000015', '2023-03-09', '2023-03-10', 430.00, '300000000000013', 'CBYS343'),
	('600000000000016', '2023-04-01', '2023-04-02', 490.00, '300000000000014', 'CBYK9K9'),
	('600000000000017', '2023-05-15', '2023-05-17', 390.00, '300000000000015', 'CBY1313'),
	('600000000000018', '2023-06-10', '2023-06-10', 550.00, '300000000000016', 'CB2211'),
	('600000000000019', '2023-06-01', '2023-06-04', 450.00, '300000000000017', 'CBY1989'),
	('600000000000020', '2023-07-15', '2023-07-15', 400.00, '300000000000018', 'GDAHF34'),
	('600000000000021', '2023-08-12', '2023-08-13', 460.00, '300000000000019', 'GDAHD854'),
	('600000000000022', '2023-09-01', '2023-09-03', 560.00, '300000000000020', 'GDABC98');
